{"stats":{"minecraft:custom":{"minecraft:jump":145,"minecraft:time_since_rest":23126,"minecraft:crouch_one_cm":1049,"minecraft:leave_game":2,"minecraft:play_time":23126,"minecraft:sprint_one_cm":7626,"minecraft:damage_taken":110,"minecraft:time_since_death":23126,"minecraft:walk_one_cm":11292,"minecraft:sneak_time":403,"minecraft:climb_one_cm":1380,"minecraft:total_world_time":23126,"minecraft:fall_one_cm":4716,"minecraft:fly_one_cm":17315},"minecraft:mined":{"minecraft:jungle_leaves":3,"biomesoplenty:glowshroom_block":9,"minecraft:fern":6},"minecraft:picked_up":{"minecraft:wheat_seeds":1}},"DataVersion":3120}